{
    "accuracy": 0.5871559633027523,
    "roc_auc": 0.6007169017377075,
    "precision": 0.3507853403141361,
    "recall": 0.5447154471544715,
    "f1_score": 0.4267515923566879
}
