{
    "accuracy": 0.7270642201834863,
    "roc_auc": 0.589677653965038,
    "precision": 0.6428571428571429,
    "recall": 0.07317073170731707,
    "f1_score": 0.13138686131386862
}
