{
    "accuracy": 0.6077981651376146,
    "roc_auc": 0.5973921400555858,
    "precision": 0.3695652173913043,
    "recall": 0.5528455284552846,
    "f1_score": 0.44299674267100975
}
